{
    "name": "root",
    "gauges": {
        "Company.Policy.Entropy.mean": {
            "value": 1.9307509660720825,
            "min": 1.4400066137313843,
            "max": 2.548814535140991,
            "count": 550
        },
        "Company.Policy.Entropy.sum": {
            "value": 15407.392578125,
            "min": 956.9722290039062,
            "max": 42908.796875,
            "count": 550
        },
        "Company.Company.Liquidity.mean": {
            "value": 1191.6396487245615,
            "min": 35.16193380834952,
            "max": 2329.4798858661493,
            "count": 550
        },
        "Company.Company.Liquidity.sum": {
            "value": 567220.4727928913,
            "min": 2199.838052511215,
            "max": 2256745.8913966985,
            "count": 550
        },
        "Company.Company.LastSales.mean": {
            "value": 5480.9327731092435,
            "min": 1483.9507389162561,
            "max": 7506.00410677618,
            "count": 550
        },
        "Company.Company.LastSales.sum": {
            "value": 2608924.0,
            "min": 134693.0,
            "max": 7799727.0,
            "count": 550
        },
        "Company.Company.CurrentSales.mean": {
            "value": 0.0,
            "min": 0.0,
            "max": 0.0,
            "count": 550
        },
        "Company.Company.CurrentSales.sum": {
            "value": 0.0,
            "min": 0.0,
            "max": 0.0,
            "count": 550
        },
        "Company.Product.Price.mean": {
            "value": 0.3944559125777553,
            "min": 0.33327038145665105,
            "max": 0.48512420426640246,
            "count": 550
        },
        "Company.Product.Price.sum": {
            "value": 187.76101438701153,
            "min": 10.688013583421707,
            "max": 544.7556486129761,
            "count": 550
        },
        "Company.Product.Stock.mean": {
            "value": 17321.231092436974,
            "min": 5430.433145009416,
            "max": 30796.83188405797,
            "count": 550
        },
        "Company.Product.Stock.sum": {
            "value": 8244906.0,
            "min": 344674.0,
            "max": 28761217.0,
            "count": 550
        },
        "Company.Labor.Workers.mean": {
            "value": 38.46848739495798,
            "min": 13.68208778173191,
            "max": 42.69565217391305,
            "count": 550
        },
        "Company.Labor.Workers.sum": {
            "value": 18311.0,
            "min": 747.0,
            "max": 45510.0,
            "count": 550
        },
        "Company.Labor.Open.mean": {
            "value": 0.6617647058823529,
            "min": 0.0962800875273523,
            "max": 1.726027397260274,
            "count": 550
        },
        "Company.Labor.Open.sum": {
            "value": 315.0,
            "min": 10.0,
            "max": 1249.0,
            "count": 550
        },
        "Company.Labor.Wage.mean": {
            "value": 71.67812645134805,
            "min": 51.9571598900689,
            "max": 95.2723998175727,
            "count": 550
        },
        "Company.Labor.Wage.sum": {
            "value": 34118.788190841675,
            "min": 1883.8945751190186,
            "max": 99455.95369720459,
            "count": 550
        },
        "Company.Company.Lifetime.mean": {
            "value": 118.69747899159664,
            "min": 13.5,
            "max": 171.57362637362638,
            "count": 550
        },
        "Company.Company.Lifetime.sum": {
            "value": 56500.0,
            "min": 2335.0,
            "max": 184732.0,
            "count": 550
        },
        "Company.Company.Reward.mean": {
            "value": 129763.60432956599,
            "min": 37822.89246792263,
            "max": 297412.9576847202,
            "count": 550
        },
        "Company.Company.Reward.sum": {
            "value": 61767475.66087341,
            "min": 3029136.8939819336,
            "max": 273648144.3550186,
            "count": 550
        },
        "Company.Worker.Money.mean": {
            "value": 70.60717731329203,
            "min": 40.54519476550352,
            "max": 98.36029892608097,
            "count": 550
        },
        "Company.Worker.Money.sum": {
            "value": 1412143.5462658405,
            "min": 97629.56101799011,
            "max": 4055321.422260165,
            "count": 550
        },
        "Company.Environment.EpisodeLength.mean": {
            "value": 788.7777777777778,
            "min": 318.0,
            "max": 2963.3333333333335,
            "count": 550
        },
        "Company.Environment.EpisodeLength.sum": {
            "value": 7099.0,
            "min": 2544.0,
            "max": 18109.0,
            "count": 550
        },
        "Company.Step.mean": {
            "value": 9999297.0,
            "min": 4499819.0,
            "max": 9999297.0,
            "count": 551
        },
        "Company.Step.sum": {
            "value": 9999297.0,
            "min": 4499819.0,
            "max": 9999297.0,
            "count": 551
        },
        "Company.Policy.ExtrinsicValueEstimate.mean": {
            "value": 26824.650390625,
            "min": -21486.798828125,
            "max": 286138.28125,
            "count": 551
        },
        "Company.Policy.ExtrinsicValueEstimate.sum": {
            "value": 268246.5,
            "min": -322315.53125,
            "max": 1459920.625,
            "count": 551
        },
        "Company.Environment.CumulativeReward.mean": {
            "value": 1399361.49296875,
            "min": -73317.79614257812,
            "max": 7979913.0,
            "count": 551
        },
        "Company.Environment.CumulativeReward.sum": {
            "value": 13993614.9296875,
            "min": -1173084.73828125,
            "max": 31477356.0546875,
            "count": 551
        },
        "Company.Policy.ExtrinsicReward.mean": {
            "value": 1399361.49296875,
            "min": -73317.79614257812,
            "max": 7979913.0,
            "count": 551
        },
        "Company.Policy.ExtrinsicReward.sum": {
            "value": 13993614.9296875,
            "min": -1173084.73828125,
            "max": 31477356.0546875,
            "count": 551
        },
        "Company.IsTraining.mean": {
            "value": 1.0,
            "min": 1.0,
            "max": 1.0,
            "count": 551
        },
        "Company.IsTraining.sum": {
            "value": 1.0,
            "min": 1.0,
            "max": 1.0,
            "count": 551
        },
        "Company.Losses.PolicyLoss.mean": {
            "value": 0.09813869891916105,
            "min": 0.09157961311201991,
            "max": 0.1067736141538511,
            "count": 416
        },
        "Company.Losses.PolicyLoss.sum": {
            "value": 0.09813869891916105,
            "min": 0.09157961311201991,
            "max": 0.1067736141538511,
            "count": 416
        },
        "Company.Losses.ValueLoss.mean": {
            "value": 7937415741.957447,
            "min": 504783183.0927835,
            "max": 17618712784.592594,
            "count": 416
        },
        "Company.Losses.ValueLoss.sum": {
            "value": 7937415741.957447,
            "min": 504783183.0927835,
            "max": 17618712784.592594,
            "count": 416
        },
        "Company.Policy.LearningRate.mean": {
            "value": 1.3884995375000968e-07,
            "min": 1.3884995375000968e-07,
            "max": 0.00016464106511965997,
            "count": 416
        },
        "Company.Policy.LearningRate.sum": {
            "value": 1.3884995375000968e-07,
            "min": 1.3884995375000968e-07,
            "max": 0.00016464106511965997,
            "count": 416
        },
        "Company.Policy.Epsilon.mean": {
            "value": 0.10004625000000002,
            "min": 0.10004625000000002,
            "max": 0.15488034,
            "count": 416
        },