{
    "name": "root",
    "metadata": {
        "timer_format_version": "0.1.0",
        "start_time_seconds": "1687782677",
        "python_version": "3.9.13 (tags/v3.9.13:6de2ca5, May 17 2022, 16:36:42) [MSC v.1929 64 bit (AMD64)]",
        "command_line_arguments": "C:\\Users\\Hannes\\AppData\\Local\\Programs\\Python\\Python39\\Scripts\\mlagents-learn scripts/company.yaml --run-id=company-v6-7",
        "mlagents_version": "0.30.0",
        "mlagents_envs_version": "0.30.0",
        "communication_protocol_version": "1.5.0",
        "pytorch_version": "2.0.1+cpu",
        "numpy_version": "1.21.2",
        "end_time_seconds": "1687782772"
    },
    "total": 94.8660735,
    "count": 1,
    "self": 10.010010000000008,
    "children": {
        "run_training.setup": {
            "total": 0.13308680000000095,
            "count": 1,
            "self": 0.13308680000000095
        },
        "TrainerController.start_learning": {
            "total": 84.72297669999999,
            "count": 1,
            "self": 0.0009740999999934274,
            "children": {
                "TrainerController._reset_env": {
                    "total": 21.3873531,
                    "count": 1,
                    "self": 21.3873531
                },
                "TrainerController.advance": {
                    "total": 62.8768297,
                    "count": 2,
                    "self": 8.650000000898217e-05,
                    "children": {
                        "env_step": {
                            "total": 62.876699599999995,
                            "count": 2,
                            "self": 62.8651045,
                            "children": {
                                "SubprocessEnvManager._take_step": {
                                    "total": 0.011553299999999211,
                                    "count": 2,
                                    "self": 0.0003315999999990993,
                                    "children": {
                                        "TorchPolicy.evaluate": {
                                            "total": 0.011221700000000112,
                                            "count": 2,
                                            "self": 0.011221700000000112
                                        }
                                    }
                                },
                                "workers": {
                                    "total": 4.1799999998204385e-05,
                                    "count": 1,
                                    "self": 0.0,
                                    "children": {
                                        "worker_root": {
                                            "total": 0.5411137000000004,
                                            "count": 1,
                                            "is_parallel": true,
                                            "self": 0.04437850000000054,
                                            "children": {
                                                "steps_from_proto": {
                                                    "total": 0.002439899999998829,
                                                    "count": 1,
                                                    "is_parallel": true,
                                                    "self": 0.0008474000000013859,
                                                    "children": {
                                                        "_process_rank_one_or_two_observation": {
                                                            "total": 0.0015924999999974432,
                                                            "count": 2,
                                                            "is_parallel": true,
                                                            "self": 0.0015924999999974432
                                                        }
                                                    }
                                                },
                                                "UnityEnvironment.step": {
                                                    "total": 0.494295300000001,
                                                    "count": 1,
                                                    "is_parallel": true,
                                                    "self": 0.06647620000000032,
                                                    "children": {
                                                        "UnityEnvironment._generate_step_input": {
                                                            "total": 0.0010846000000022116,
                                                            "count": 1,
                                                            "is_parallel": true,
                                                            "self": 0.0010846000000022116
                                                        },
                                                        "communicator.exchange": {
                                                            "total": 0.4236335999999987,
                                                            "count": 1,
                                                            "is_parallel": true,
                                                            "self": 0.4236335999999987
                                                        },
                                                        "steps_from_proto": {
                                                            "total": 0.00310089999999974,
                                                            "count": 1,
                                                            "is_parallel": true,
                                                            "self": 0.0004901999999979978,
                                                            "children": {
                                                                "_process_rank_one_or_two_observation": {
                                                                    "total": 0.002610700000001742,
                                                                    "count": 2,
                                                                    "is_parallel": true,
                                                                    "self": 0.002610700000001742
                                                                }
                                                            }
                                                        }
                                                    }
                                                }
                                            }
                                        }
                                    }
                                }
                            }
                        },
                        "trainer_advance": {
                            "total": 4.360000000147579e-05,
                            "count": 1,
                            "self": 3.1900000003304285e-05,
                            "children": {
                                "process_trajectory": {
                                    "total": 1.1699999998171506e-05,
                                    "count": 1,
                                    "self": 1.1699999998171506e-05
                                }
                            }
                        }
                    }
                },
                "trainer_threads": {
                    "total": 3.399999997100167e-06,
                    "count": 1,
                    "self": 3.399999997100167e-06
                },
                "TrainerController._save_models": {
                    "total": 0.4578163999999987,
                    "count": 1,
                    "self": 0.005137599999997633,