{"count":1,"self":47.149923199999996,"total":47.618425699999996,"children":{"InitializeActuators":{"count":11,"self":0.0020001999999999997,"total":0.0020001999999999997,"children":null},"InitializeSensors":{"count":11,"self":0.0010012999999999999,"total":0.0010012999999999999,"children":null},"AgentSendState":{"count":2118,"self":0.18540469999999998,"total":0.40579299999999996,"children":{"CollectObservations":{"count":998,"self":0.2065726,"total":0.2065726,"children":null},"WriteActionMask":{"count":998,"self":0.0138157,"total":0.0138157,"children":null}}},"DecideAction":{"count":1120,"self":0.0506895,"total":0.0506895,"children":null},"AgentAct":{"count":1120,"self":0.0070174999999999994,"total":0.0070174999999999994,"children":null}},"gauges":{},"metadata":{"timer_format_version":"0.1.0","start_time_seconds":"1686656395","unity_version":"2022.3.0f1","command_line_arguments":"C:\\Program Files\\Unity\\Hub\\Editor\\2022.3.0f1\\Editor\\Unity.exe -projectpath C:\\Users\\Hannes\\source\\repos\\EconomyMl -useHub -hubIPC -cloudEnvironment production","communication_protocol_version":"1.5.0","com.unity.ml-agents_version":"2.3.0-exp.4","scene_name":"SimpleSupplyChain","end_time_seconds":"1686656443"}}