{"count":1,"self":41272.1741824,"total":56598.723126799996,"children":{"InitializeActuators":{"count":25,"self":0.0009989,"total":0.0009989,"children":null},"InitializeSensors":{"count":25,"self":0.0030007999999999996,"total":0.0030007999999999996,"children":null},"AgentSendState":{"count":2726633,"self":137.2348032,"total":493.07965759999996,"children":{"CollectObservations":{"count":3998287,"self":29.168166399999997,"total":29.168166099999997,"children":null},"WriteActionMask":{"count":3998287,"self":26.568327999999998,"total":26.5683282,"children":null},"RequestDecision":{"count":3998287,"self":78.2487744,"total":300.1083632,"children":{"AgentInfo.ToProto":{"count":3998287,"self":75.966982399999992,"total":221.85959169999998,"children":{"GenerateSensorData":{"count":3998287,"self":145.892608,"total":145.8926098,"children":null}}}}}}},"DecideAction":{"count":2726633,"self":14775.451648,"total":14775.451165699998,"children":null},"AgentAct":{"count":2726633,"self":48.8217408,"total":48.821741499999995,"children":null},"AgentInfo.ToProto":{"count":91664,"self":4.1652752,"total":9.1892137,"children":{"GenerateSensorData":{"count":91664,"self":5.0239384,"total":5.0239383,"children":null}}}},"gauges":{"Company.CumulativeReward":{"count":91664,"max":6675990.5,"min":-100000,"runningAverage":159068.266,"value":-95547.72,"weightedAverage":85312.51}},"metadata":{"timer_format_version":"0.1.0","start_time_seconds":"1687193351","unity_version":"2022.3.0f1","command_line_arguments":"C:\\Program Files\\Unity\\Hub\\Editor\\2022.3.0f1\\Editor\\Unity.exe -projectpath C:\\Users\\Hannes\\source\\repos\\EconomyMl -useHub -hubIPC -cloudEnvironment production","communication_protocol_version":"1.5.0","com.unity.ml-agents_version":"2.3.0-exp.4","scene_name":"SimpleSupplyChain","end_time_seconds":"1687249949"}}