{"count":1,"self":3107.9376896,"total":4473.6515481999995,"children":{"InitializeActuators":{"count":100,"self":0.0065182999999999994,"total":0.0065182999999999994,"children":null},"InitializeSensors":{"count":100,"self":0.0040329,"total":0.0040329,"children":null},"AgentSendState":{"count":144300,"self":7.9010352,"total":32.5376908,"children":{"CollectObservations":{"count":482942,"self":2.3249402,"total":2.3249402,"children":null},"WriteActionMask":{"count":482942,"self":2.2652022,"total":2.2652022,"children":null},"RequestDecision":{"count":482942,"self":5.2850288,"total":20.046512999999997,"children":{"AgentInfo.ToProto":{"count":482942,"self":5.2564924,"total":14.7614842,"children":{"GenerateSensorData":{"count":482942,"self":9.504992,"total":9.5049917999999991,"children":null}}}}}}},"DecideAction":{"count":144300,"self":1318.291968,"total":1318.2919786,"children":null},"AgentAct":{"count":144300,"self":2.1792266,"total":2.1792266,"children":null},"AgentInfo.ToProto":{"count":382914,"self":5.3395696,"total":12.691400999999999,"children":{"GenerateSensorData":{"count":382914,"self":7.3518311999999995,"total":7.3518314999999994,"children":null}}}},"gauges":{"Company.CumulativeReward":{"count":382914,"max":635.980042,"min":-74.1994553,"runningAverage":-1.93643284,"value":-2,"weightedAverage":-2.00003672}},"metadata":{"timer_format_version":"0.1.0","start_time_seconds":"1686838788","unity_version":"2022.3.0f1","command_line_arguments":"C:\\Program Files\\Unity\\Hub\\Editor\\2022.3.0f1\\Editor\\Unity.exe -projectpath C:\\Users\\Hannes\\source\\repos\\EconomyMl -useHub -hubIPC -cloudEnvironment production","communication_protocol_version":"1.5.0","com.unity.ml-agents_version":"2.3.0-exp.4","scene_name":"SimpleSupplyChain","end_time_seconds":"1686843261"}}