{
    "name": "root",
    "gauges": {
        "Company.Policy.Entropy.mean": {
            "value": 1.92507004737854,
            "min": 1.785563588142395,
            "max": 2.912175416946411,
            "count": 281
        },
        "Company.Policy.Entropy.sum": {
            "value": 15543.015625,
            "min": 6437.84375,
            "max": 48318.55078125,
            "count": 281
        },
        "Company.Company.LastSales.mean": {
            "value": 210.51666666666668,
            "min": 7.225757575757576,
            "max": 560.8391666666666,
            "count": 281
        },
        "Company.Company.LastSales.sum": {
            "value": 2020960.0,
            "min": 74120.0,
            "max": 6730070.0,
            "count": 281
        },
        "Company.Company.CurrentSales.mean": {
            "value": 178.87916666666666,
            "min": 7.253787878787879,
            "max": 561.1425,
            "count": 281
        },
        "Company.Company.CurrentSales.sum": {
            "value": 1717240.0,
            "min": 82840.0,
            "max": 6733710.0,
            "count": 281
        },
        "Company.Company.Reserve.mean": {
            "value": 20651.56528466289,
            "min": 42.654699287451805,
            "max": 68140.7134017104,
            "count": 281
        },
        "Company.Company.Reserve.sum": {
            "value": 198255026.73276377,
            "min": 409485.1131595373,
            "max": 1035738843.705998,
            "count": 281
        },
        "Company.Product.Price.mean": {
            "value": 0.8441028754407307,
            "min": 0.47316557041540935,
            "max": 1.1182910893659197,
            "count": 281
        },
        "Company.Product.Price.sum": {
            "value": 8103.387604231015,
            "min": 3375.2516278158873,
            "max": 18743.271607482806,
            "count": 281
        },
        "Company.Product.Stock.mean": {
            "value": 17344.579166666666,
            "min": 108.39747899159664,
            "max": 59821.06176470588,
            "count": 281
        },
        "Company.Product.Stock.sum": {
            "value": 166507960.0,
            "min": 802830.0,
            "max": 672301730.0,
            "count": 281
        },
        "Company.Labor.Workers.mean": {
            "value": 6.424479166666667,
            "min": 0.58625,
            "max": 9.408611111111112,
            "count": 281
        },
        "Company.Labor.Workers.sum": {
            "value": 61675.0,
            "min": 2345.0,
            "max": 147590.0,
            "count": 281
        },
        "Company.Labor.Open.mean": {
            "value": 7.2809375,
            "min": 2.588,
            "max": 12.56725,
            "count": 281
        },
        "Company.Labor.Open.sum": {
            "value": 69897.0,
            "min": 10352.0,
            "max": 172702.0,
            "count": 281
        },
        "Company.Labor.Wage.mean": {
            "value": 21.7498830158636,
            "min": 12.726451036694803,
            "max": 25.267592356507894,
            "count": 281
        },
        "Company.Labor.Wage.sum": {
            "value": 208798.87695229053,
            "min": 82064.2043005228,
            "max": 387151.51574862003,
            "count": 281
        },
        "Company.Company.Liquidity.mean": {
            "value": 108.98509352510854,
            "min": 8.12727646044656,
            "max": 553.1286811454703,
            "count": 281
        },
        "Company.Company.Liquidity.sum": {
            "value": 1046256.8978410419,
            "min": 43034.682372691794,
            "max": 6305666.965058361,
            "count": 281
        },
        "Company.Company.Extinctions.mean": {
            "value": 1.0,
            "min": 1.0,
            "max": 1.0,
            "count": 281
        },
        "Company.Company.Extinctions.sum": {
            "value": 1916.0,
            "min": 449.0,
            "max": 2964.0,
            "count": 281
        },
        "Company.Worker.Money.mean": {
            "value": 477715.2753808594,
            "min": 631.4738830100612,
            "max": 477715.2753808594,
            "count": 281
        },
        "Company.Worker.Money.sum": {
            "value": 45860666436.5625,
            "min": 83986026.44033813,
            "max": 66862814028.28125,
            "count": 281
        },
        "Company.Worker.Bought.mean": {
            "value": 17.95125,
            "min": 0.7271969696969697,
            "max": 56.111916666666666,
            "count": 281
        },
        "Company.Worker.Bought.sum": {
            "value": 1723320.0,
            "min": 77610.0,
            "max": 6733430.0,
            "count": 281
        },
        "Company.Environment.EpisodeLength.mean": {
            "value": 4.349901896664487,
            "min": 3.2183811129848228,
            "max": 23.806366047745357,
            "count": 281
        },
        "Company.Environment.EpisodeLength.sum": {
            "value": 6651.0,
            "min": 2216.0,
            "max": 18695.0,
            "count": 281
        },
        "Company.Step.mean": {
            "value": 2809641.0,
            "min": 9999.0,
            "max": 2809641.0,
            "count": 281
        },
        "Company.Step.sum": {
            "value": 2809641.0,
            "min": 9999.0,
            "max": 2809641.0,
            "count": 281
        },
        "Company.Policy.ExtrinsicValueEstimate.mean": {
            "value": -0.7492853999137878,
            "min": -1.961223840713501,
            "max": 0.4678576588630676,
            "count": 281
        },
        "Company.Policy.ExtrinsicValueEstimate.sum": {
            "value": -1135.9166259765625,
            "min": -4353.9169921875,
            "max": 554.4113159179688,
            "count": 281
        },
        "Company.Environment.CumulativeReward.mean": {
            "value": -1.1795289359863834,
            "min": -1.7028658047006306,
            "max": 7.019921992394097,
            "count": 281
        },
        "Company.Environment.CumulativeReward.sum": {
            "value": -1786.986338019371,
            "min": -3049.1162727475166,
            "max": 7651.974773347378,
            "count": 281
        },
        "Company.Policy.ExtrinsicReward.mean": {
            "value": -1.1795289359863834,
            "min": -1.7028658047006306,
            "max": 7.019921992394097,
            "count": 281
        },
        "Company.Policy.ExtrinsicReward.sum": {
            "value": -1786.986338019371,
            "min": -3049.1162727475166,
            "max": 7651.974773347378,
            "count": 281
        },
        "Company.IsTraining.mean": {
            "value": 1.0,
            "min": 1.0,
            "max": 1.0,
            "count": 281
        },
        "Company.IsTraining.sum": {
            "value": 1.0,
            "min": 1.0,
            "max": 1.0,
            "count": 281
        },
        "Company.Losses.PolicyLoss.mean": {
            "value": 0.09629541606085235,
            "min": 0.07300948101074481,
            "max": 0.10454400889913994,
            "count": 230
        },
        "Company.Losses.PolicyLoss.sum": {
            "value": 0.09629541606085235,
            "min": 0.07300948101074481,
            "max": 0.10454400889913994,
            "count": 230
        },
        "Company.Losses.ValueLoss.mean": {
            "value": 578.5369491713145,
            "min": 1.1033039197405392,
            "max": 19389.872788706354,
            "count": 230
        },
        "Company.Losses.ValueLoss.sum": {
            "value": 578.5369491713145,
            "min": 1.1033039197405392,
            "max": 19389.872788706354,
            "count": 230
        },
        "Company.Policy.LearningRate.mean": {
            "value": 0.00021593378802208006,
            "min": 0.00021593378802208006,
            "max": 0.00029963784012072,
            "count": 230
        },