{
    "name": "root",
    "gauges": {
        "Company.Policy.Entropy.mean": {
            "value": 2.470271348953247,
            "min": 2.269286870956421,
            "max": 3.1790523529052734,
            "count": 63
        },
        "Company.Policy.Entropy.sum": {
            "value": 25683.41015625,
            "min": 13851.56640625,
            "max": 37293.0,
            "count": 63
        },
        "Company.Company.LastSales.mean": {
            "value": 658.9568822553897,
            "min": 275.8177304964539,
            "max": 678.5752285951787,
            "count": 63
        },
        "Company.Company.LastSales.sum": {
            "value": 7947020.0,
            "min": 3111224.0,
            "max": 8327706.0,
            "count": 63
        },
        "Company.Company.CurrentSales.mean": {
            "value": 659.5273631840796,
            "min": 276.8585106382979,
            "max": 678.0016625103907,
            "count": 63
        },
        "Company.Company.CurrentSales.sum": {
            "value": 7953900.0,
            "min": 3122964.0,
            "max": 8332708.0,
            "count": 63
        },
        "Company.Company.ProfitMonth.mean": {
            "value": 0.0,
            "min": 0.0,
            "max": 0.0,
            "count": 63
        },
        "Company.Company.ProfitMonth.sum": {
            "value": 0.0,
            "min": 0.0,
            "max": 0.0,
            "count": 63
        },
        "Company.Product.Price.mean": {
            "value": 1.0344739635271107,
            "min": 0.9461602806857887,
            "max": 1.3357151353650496,
            "count": 63
        },
        "Company.Product.Price.sum": {
            "value": 12475.756000136957,
            "min": 7326.501609966159,
            "max": 14778.406862484291,
            "count": 63
        },
        "Company.Product.Stock.mean": {
            "value": 1202.0,
            "min": 10.486879432624113,
            "max": 7225.866285714285,
            "count": 63
        },
        "Company.Product.Stock.sum": {
            "value": 14496120.0,
            "min": 118292.0,
            "max": 78711218.0,
            "count": 63
        },
        "Company.Labor.Workers.mean": {
            "value": 33.333333333333336,
            "min": 10.327570921985815,
            "max": 33.333333333333336,
            "count": 63
        },
        "Company.Labor.Workers.sum": {
            "value": 402000.0,
            "min": 116495.0,
            "max": 405962.0,
            "count": 63
        },
        "Company.Labor.Open.mean": {
            "value": 41.321144278606965,
            "min": 6.785372340425532,
            "max": 41.995273631840796,
            "count": 63
        },
        "Company.Labor.Open.sum": {
            "value": 498333.0,
            "min": 76539.0,
            "max": 506463.0,
            "count": 63
        },
        "Company.Labor.Wage.mean": {
            "value": 23.131461860093708,
            "min": 10.141658821364953,
            "max": 25.289180915478752,
            "count": 63
        },
        "Company.Labor.Wage.sum": {
            "value": 278965.4300327301,
            "min": 110538.41609144211,
            "max": 299949.1357574463,
            "count": 63
        },
        "Company.Company.Liquidity.mean": {
            "value": 59.238470179556714,
            "min": 37.13090859312631,
            "max": 1654.8413968509233,
            "count": 63
        },
        "Company.Company.Liquidity.sum": {
            "value": 714415.950365454,
            "min": 418836.64893046475,
            "max": 22241068.373676408,
            "count": 63
        },
        "Company.Worker.Money.mean": {
            "value": 98.2228458905481,
            "min": 50.354758184221176,
            "max": 98.88607274168983,
            "count": 63
        },
        "Company.Worker.Money.sum": {
            "value": 39485584.048000336,
            "min": 17796915.601997375,
            "max": 39718049.00445175,
            "count": 63
        },
        "Company.Worker.Bought.mean": {
            "value": 19.80686567164179,
            "min": 8.328244680851064,
            "max": 20.313017456359102,
            "count": 63
        },
        "Company.Worker.Bought.sum": {
            "value": 7962360.0,
            "min": 3131420.0,
            "max": 8338893.0,
            "count": 63
        },
        "Company.Environment.EpisodeLength.mean": {
            "value": 5.0,
            "min": 5.0,
            "max": 32.061290322580646,
            "count": 63
        },
        "Company.Environment.EpisodeLength.sum": {
            "value": 8325.0,
            "min": 6252.0,
            "max": 11094.0,
            "count": 63
        },
        "Company.Company.Lifetime.mean": {
            "value": 6.0,
            "min": 6.0,
            "max": 33.061290322580646,
            "count": 63
        },
        "Company.Company.Lifetime.sum": {
            "value": 9990.0,
            "min": 7451.0,
            "max": 12566.0,
            "count": 63
        },
        "Company.Step.mean": {
            "value": 629994.0,
            "min": 9935.0,
            "max": 629994.0,
            "count": 63
        },
        "Company.Step.sum": {
            "value": 629994.0,
            "min": 9935.0,
            "max": 629994.0,
            "count": 63
        },
        "Company.Policy.ExtrinsicValueEstimate.mean": {
            "value": -5.528949737548828,
            "min": -49.95427322387695,
            "max": 140.05233764648438,
            "count": 63
        },
        "Company.Policy.ExtrinsicValueEstimate.sum": {
            "value": -9211.23046875,
            "min": -80875.96875,
            "max": 106579.828125,
            "count": 63
        },
        "Company.Environment.CumulativeReward.mean": {
            "value": -2.0989999771118164,
            "min": -2.0989999771118164,
            "max": 3176.748094460458,
            "count": 63
        },
        "Company.Environment.CumulativeReward.sum": {
            "value": -3496.933961868286,
            "min": -3499.032961845398,
            "max": 2738356.857424915,
            "count": 63
        },
        "Company.Policy.ExtrinsicReward.mean": {
            "value": -2.0989999771118164,
            "min": -2.0989999771118164,
            "max": 3176.748094460458,
            "count": 63
        },
        "Company.Policy.ExtrinsicReward.sum": {
            "value": -3496.933961868286,
            "min": -3499.032961845398,
            "max": 2738356.857424915,
            "count": 63
        },
        "Company.IsTraining.mean": {
            "value": 1.0,
            "min": 1.0,
            "max": 1.0,
            "count": 63
        },
        "Company.IsTraining.sum": {
            "value": 1.0,
            "min": 1.0,
            "max": 1.0,
            "count": 63
        },
        "Company.Losses.PolicyLoss.mean": {
            "value": 0.09526285855647687,
            "min": 0.07770270859290254,
            "max": 0.10502244647543181,
            "count": 52
        },
        "Company.Losses.PolicyLoss.sum": {
            "value": 0.09526285855647687,
            "min": 0.07770270859290254,
            "max": 0.10502244647543181,
            "count": 52
        },
        "Company.Losses.ValueLoss.mean": {
            "value": 491.2591013372901,
            "min": 114.59150845736744,
            "max": 16109786.971479502,
            "count": 52
        },
        "Company.Losses.ValueLoss.sum": {
            "value": 491.2591013372901,
            "min": 114.59150845736744,
            "max": 16109786.971479502,
            "count": 52
        },
        "Company.Policy.LearningRate.mean": {
            "value": 0.00028117182627606,
            "min": 0.00028117182627606,
            "max": 0.00029963778012073993,
            "count": 52
        },
        "Company.Policy.LearningRate.sum": {
            "value": 0.00028117182627606,