{
    "name": "root",
    "gauges": {
        "Company.Policy.Entropy.mean": {
            "value": 1.1488591432571411,
            "min": 1.0985801219940186,
            "max": 3.1696674823760986,
            "count": 250
        },
        "Company.Policy.Entropy.sum": {
            "value": 11339.2392578125,
            "min": 10906.703125,
            "max": 32691.94921875,
            "count": 250
        },
        "Company.Company.LastSales.mean": {
            "value": 2139.7726419753085,
            "min": 616.1012826603326,
            "max": 2811.902512077295,
            "count": 250
        },
        "Company.Company.LastSales.sum": {
            "value": 21665198.0,
            "min": 6484466.0,
            "max": 29103191.0,
            "count": 250
        },
        "Company.Company.CurrentSales.mean": {
            "value": 2142.661925925926,
            "min": 615.6167220902613,
            "max": 2806.815265700483,
            "count": 250
        },
        "Company.Company.CurrentSales.sum": {
            "value": 21694452.0,
            "min": 6479366.0,
            "max": 29050538.0,
            "count": 250
        },
        "Company.Company.ProfitMonth.mean": {
            "value": 0.0,
            "min": 0.0,
            "max": 0.0,
            "count": 250
        },
        "Company.Company.ProfitMonth.sum": {
            "value": 0.0,
            "min": 0.0,
            "max": 0.0,
            "count": 250
        },
        "Company.Product.Price.mean": {
            "value": 0.5340730086932948,
            "min": 0.5169622130840654,
            "max": 0.5391532540435153,
            "count": 250
        },
        "Company.Product.Price.sum": {
            "value": 5407.489213019609,
            "min": 5229.91268363595,
            "max": 5708.968150943518,
            "count": 250
        },
        "Company.Product.Stock.mean": {
            "value": 9686.911209876544,
            "min": 683.1226603325416,
            "max": 11675.562105263158,
            "count": 250
        },
        "Company.Product.Stock.sum": {
            "value": 98079976.0,
            "min": 7189866.0,
            "max": 122009624.0,
            "count": 250
        },
        "Company.Labor.Workers.mean": {
            "value": 16.625679012345678,
            "min": 3.9482185273159143,
            "max": 21.280096618357486,
            "count": 250
        },
        "Company.Labor.Workers.sum": {
            "value": 168335.0,
            "min": 41555.0,
            "max": 222268.0,
            "count": 250
        },
        "Company.Labor.Open.mean": {
            "value": 16.462024691358025,
            "min": 3.1953444180522563,
            "max": 22.339856801909306,
            "count": 250
        },
        "Company.Labor.Open.sum": {
            "value": 166678.0,
            "min": 33631.0,
            "max": 234010.0,
            "count": 250
        },
        "Company.Labor.Wage.mean": {
            "value": 96.16227978666329,
            "min": 92.77732487301711,
            "max": 99.45561463744552,
            "count": 250
        },
        "Company.Labor.Wage.sum": {
            "value": 973643.0828399658,
            "min": 938925.5089111328,
            "max": 1074120.6380844116,
            "count": 250
        },
        "Company.Company.Liquidity.mean": {
            "value": 69.15965668320895,
            "min": 14.5842246754249,
            "max": 89.95072094356622,
            "count": 250
        },
        "Company.Company.Liquidity.sum": {
            "value": 700241.5239174906,
            "min": 153498.96470884708,
            "max": 917670.615999878,
            "count": 250
        },
        "Company.Worker.Money.mean": {
            "value": 98.27100858843099,
            "min": 97.7512319761438,
            "max": 99.63539439109962,
            "count": 250
        },
        "Company.Worker.Money.sum": {
            "value": 39799758.47831455,
            "min": 38732777.844178766,
            "max": 43023282.13883041,
            "count": 250
        },
        "Company.Worker.Bought.mean": {
            "value": 53.629708641975306,
            "min": 15.381068883610451,
            "max": 70.00935507246376,
            "count": 250
        },
        "Company.Worker.Bought.sum": {
            "value": 21720032.0,
            "min": 6475430.0,
            "max": 28983873.0,
            "count": 250
        },
        "Company.Environment.EpisodeLength.mean": {
            "value": 38.333333333333336,
            "min": 20.62472885032538,
            "max": 41.10084033613445,
            "count": 250
        },
        "Company.Environment.EpisodeLength.sum": {
            "value": 9775.0,
            "min": 9504.0,
            "max": 9849.0,
            "count": 250
        },
        "Company.Company.Lifetime.mean": {
            "value": 92.13725490196079,
            "min": 22.62472885032538,
            "max": 154.544,
            "count": 250
        },
        "Company.Company.Lifetime.sum": {
            "value": 23495.0,
            "min": 10430.0,
            "max": 38636.0,
            "count": 250
        },
        "Company.Company.Reward.mean": {
            "value": 63427.92115442613,
            "min": 8341.27597428144,
            "max": 78488.10053355299,
            "count": 250
        },
        "Company.Company.Reward.sum": {
            "value": 16174119.894378662,
            "min": 3845328.2241437435,
            "max": 21356358.020690918,
            "count": 250
        },
        "Company.Step.mean": {
            "value": 2499992.0,
            "min": 9993.0,
            "max": 2499992.0,
            "count": 250
        },
        "Company.Step.sum": {
            "value": 2499992.0,
            "min": 9993.0,
            "max": 2499992.0,
            "count": 250
        },
        "Company.Policy.ExtrinsicValueEstimate.mean": {
            "value": 83317.3046875,
            "min": -34254.26171875,
            "max": 111096.3671875,
            "count": 250
        },
        "Company.Policy.ExtrinsicValueEstimate.sum": {
            "value": 21245912.0,
            "min": -12791574.0,
            "max": 29328704.0,
            "count": 250
        },
        "Company.Environment.CumulativeReward.mean": {
            "value": 164878.31067708333,
            "min": -75057.20145934794,
            "max": 224493.519225578,
            "count": 250
        },
        "Company.Environment.CumulativeReward.sum": {
            "value": 42043969.22265625,
            "min": -34676427.07421875,
            "max": 60386038.19140625,
            "count": 250
        },
        "Company.Policy.ExtrinsicReward.mean": {
            "value": 164878.31067708333,
            "min": -75057.20145934794,
            "max": 224493.519225578,
            "count": 250
        },
        "Company.Policy.ExtrinsicReward.sum": {
            "value": 42043969.22265625,
            "min": -34676427.07421875,
            "max": 60386038.19140625,
            "count": 250
        },
        "Company.IsTraining.mean": {
            "value": 1.0,
            "min": 1.0,
            "max": 1.0,
            "count": 250
        },
        "Company.IsTraining.sum": {
            "value": 1.0,
            "min": 1.0,
            "max": 1.0,
            "count": 250
        },
        "Company.Losses.PolicyLoss.mean": {
            "value": 0.10195848010901658,
            "min": 0.09155366666583467,
            "max": 0.10712636883802,
            "count": 207
        },
        "Company.Losses.PolicyLoss.sum": {
            "value": 0.10195848010901658,
            "min": 0.09155366666583467,
            "max": 0.10712636883802,
            "count": 207
        },
        "Company.Losses.ValueLoss.mean": {
            "value": 3916627324.805704,
            "min": 2764685387.5222816,
            "max": 7477576313.3832445,
            "count": 207
        },