{
    "name": "root",
    "gauges": {
        "Company.Policy.Entropy.mean": {
            "value": 2.259432792663574,
            "min": 1.829298496246338,
            "max": 3.0634212493896484,
            "count": 492
        },
        "Company.Policy.Entropy.sum": {
            "value": 22061.1015625,
            "min": 14943.8232421875,
            "max": 35125.1875,
            "count": 492
        },
        "Company.Company.LastSales.mean": {
            "value": 0.0,
            "min": 0.0,
            "max": 1742.744387755102,
            "count": 492
        },
        "Company.Company.LastSales.sum": {
            "value": 0.0,
            "min": 0.0,
            "max": 19050877.0,
            "count": 492
        },
        "Company.Company.CurrentSales.mean": {
            "value": 0.0,
            "min": 0.0,
            "max": 1739.2772448979592,
            "count": 492
        },
        "Company.Company.CurrentSales.sum": {
            "value": 0.0,
            "min": 0.0,
            "max": 19057450.0,
            "count": 492
        },
        "Company.Company.ProfitMonth.mean": {
            "value": 0.0,
            "min": 0.0,
            "max": 0.0,
            "count": 492
        },
        "Company.Company.ProfitMonth.sum": {
            "value": 0.0,
            "min": 0.0,
            "max": 0.0,
            "count": 492
        },
        "Company.Product.Price.mean": {
            "value": 0.5039007070134668,
            "min": 0.4335635371447905,
            "max": 0.5104774441663958,
            "count": 492
        },
        "Company.Product.Price.sum": {
            "value": 5139.787211537361,
            "min": 3627.684991389513,
            "max": 6074.681585580111,
            "count": 492
        },
        "Company.Product.Stock.mean": {
            "value": 10.97,
            "min": 0.19010416666666666,
            "max": 1412.0814141414141,
            "count": 492
        },
        "Company.Product.Stock.sum": {
            "value": 111894.0,
            "min": 1825.0,
            "max": 15519293.0,
            "count": 492
        },
        "Company.Labor.Workers.mean": {
            "value": 0.0,
            "min": 0.0,
            "max": 9.767551020408163,
            "count": 492
        },
        "Company.Labor.Workers.sum": {
            "value": 0.0,
            "min": 0.0,
            "max": 112381.0,
            "count": 492
        },
        "Company.Labor.Open.mean": {
            "value": 1.0988235294117648,
            "min": 0.8527184466019417,
            "max": 1.5162608695652173,
            "count": 492
        },
        "Company.Labor.Open.sum": {
            "value": 11208.0,
            "min": 7811.0,
            "max": 17437.0,
            "count": 492
        },
        "Company.Labor.Wage.mean": {
            "value": 97.49411941004735,
            "min": 78.05491362447324,
            "max": 100.69065673979202,
            "count": 492
        },
        "Company.Labor.Wage.sum": {
            "value": 994440.0179824829,
            "min": 645828.6886405945,
            "max": 1182592.2126159668,
            "count": 492
        },
        "Company.Company.Liquidity.mean": {
            "value": 55.54716978177428,
            "min": 16.365601567139212,
            "max": 145.68347744639289,
            "count": 492
        },
        "Company.Company.Liquidity.sum": {
            "value": 566581.1317740977,
            "min": 169593.37213561076,
            "max": 1529676.5131871253,
            "count": 492
        },
        "Company.Worker.Money.mean": {
            "value": 94.44528334500247,
            "min": 85.43165226798284,
            "max": 98.36343982595132,
            "count": 492
        },
        "Company.Worker.Money.sum": {
            "value": 9633418.901190251,
            "min": 7375218.646105766,
            "max": 11928523.013074875,
            "count": 492
        },
        "Company.Environment.EpisodeLength.mean": {
            "value": 22.018561484918795,
            "min": 22.0,
            "max": 36.75190839694657,
            "count": 492
        },
        "Company.Environment.EpisodeLength.sum": {
            "value": 9490.0,
            "min": 8851.0,
            "max": 10265.0,
            "count": 492
        },
        "Company.Company.Lifetime.mean": {
            "value": 24.018561484918795,
            "min": 24.0,
            "max": 65.24398625429554,
            "count": 492
        },
        "Company.Company.Lifetime.sum": {
            "value": 10352.0,
            "min": 9645.0,
            "max": 21844.0,
            "count": 492
        },
        "Company.Company.Reward.mean": {
            "value": 0.0058860181379207606,
            "min": 0.0,
            "max": 47813.345124864085,
            "count": 492
        },
        "Company.Company.Reward.sum": {
            "value": 2.5368738174438477,
            "min": 0.0,
            "max": 13913683.43133545,
            "count": 492
        },
        "Company.Step.mean": {
            "value": 4919984.0,
            "min": 9994.0,
            "max": 4919984.0,
            "count": 492
        },
        "Company.Step.sum": {
            "value": 4919984.0,
            "min": 9994.0,
            "max": 4919984.0,
            "count": 492
        },
        "Company.Policy.ExtrinsicValueEstimate.mean": {
            "value": -89687.484375,
            "min": -89850.7890625,
            "max": 14169.44921875,
            "count": 492
        },
        "Company.Policy.ExtrinsicValueEstimate.sum": {
            "value": -38924368.0,
            "min": -39085092.0,
            "max": 4151648.5,
            "count": 492
        },
        "Company.Environment.CumulativeReward.mean": {
            "value": -99999.9657078053,
            "min": -100000.0,
            "max": 184681.88346819195,
            "count": 492
        },
        "Company.Environment.CumulativeReward.sum": {
            "value": -43399985.1171875,
            "min": -43500000.0,
            "max": 51710927.37109375,
            "count": 492
        },
        "Company.Policy.ExtrinsicReward.mean": {
            "value": -99999.9657078053,
            "min": -100000.0,
            "max": 184681.88346819195,
            "count": 492
        },
        "Company.Policy.ExtrinsicReward.sum": {
            "value": -43399985.1171875,
            "min": -43500000.0,
            "max": 51710927.37109375,
            "count": 492
        },
        "Company.IsTraining.mean": {
            "value": 1.0,
            "min": 1.0,
            "max": 1.0,
            "count": 492
        },
        "Company.IsTraining.sum": {
            "value": 1.0,
            "min": 1.0,
            "max": 1.0,
            "count": 492
        },
        "Company.Losses.PolicyLoss.mean": {
            "value": 0.10396640957209301,
            "min": 0.0881242123849406,
            "max": 0.10856734608277253,
            "count": 406
        },
        "Company.Losses.PolicyLoss.sum": {
            "value": 0.10396640957209301,
            "min": 0.0881242123849406,
            "max": 0.10856734608277253,
            "count": 406
        },
        "Company.Losses.ValueLoss.mean": {
            "value": 1915395.8236923758,
            "min": 1687905.9668661347,
            "max": 61042846337.128746,
            "count": 406
        },
        "Company.Losses.ValueLoss.sum": {
            "value": 1915395.8236923758,
            "min": 1687905.9668661347,
            "max": 61042846337.128746,
            "count": 406
        },
        "Company.Policy.LearningRate.mean": {
            "value": 0.00015240190919938004,
            "min": 0.00015240190919938004,
            "max": 0.00029963994012001995,
            "count": 406
        },
        "Company.Policy.LearningRate.sum": {
            "value": 0.00015240190919938004,
            "min": 0.00015240190919938004,
            "max": 0.00029963994012001995,